sample	site	source	fwprimer	rvprimer
AC1	Arctoswki	Arctowski C. antarcticus	GTGYCAGCMGCCGCGGTAA	GGACTACNVGGGTWTCTAAT
AC2	Arctoswki	Arctowski C. antarcticus	GTGYCAGCMGCCGCGGTAA	GGACTACNVGGGTWTCTAAT
AC3	Arctoswki	Arctowski C. antarcticus	GTGYCAGCMGCCGCGGTAA	GGACTACNVGGGTWTCTAAT
AC4	Arctoswki	Arctowski C. antarcticus	GTGYCAGCMGCCGCGGTAA	GGACTACNVGGGTWTCTAAT
AC5	Arctoswki	Arctowski C. antarcticus	GTGYCAGCMGCCGCGGTAA	GGACTACNVGGGTWTCTAAT
AC6	Arctoswki	Arctowski C. antarcticus	GTGYCAGCMGCCGCGGTAA	GGACTACNVGGGTWTCTAAT
AC7	Arctoswki	Arctowski C. antarcticus	GTGYCAGCMGCCGCGGTAA	GGACTACNVGGGTWTCTAAT
AC8	Arctoswki	Arctowski C. antarcticus	GTGYCAGCMGCCGCGGTAA	GGACTACNVGGGTWTCTAAT
AC9	Arctoswki	Arctowski C. antarcticus	GTGYCAGCMGCCGCGGTAA	GGACTACNVGGGTWTCTAAT
AC10	Arctoswki	Arctowski C. antarcticus	GTGYCAGCMGCCGCGGTAA	GGACTACNVGGGTWTCTAAT
AC11	Arctoswki	Arctowski C. antarcticus	GTGYCAGCMGCCGCGGTAA	GGACTACNVGGGTWTCTAAT
AC12	Arctoswki	Arctowski C. antarcticus	GTGYCAGCMGCCGCGGTAA	GGACTACNVGGGTWTCTAAT
AS1	Arctowski	Arctowski soil	GTGYCAGCMGCCGCGGTAA	GGACTACNVGGGTWTCTAAT
AS2	Arctowski	Arctowski soil	GTGYCAGCMGCCGCGGTAA	GGACTACNVGGGTWTCTAAT
AS3	Arctowski	Arctowski soil	GTGYCAGCMGCCGCGGTAA	GGACTACNVGGGTWTCTAAT
AS4	Arctowski	Arctowski soil	GTGYCAGCMGCCGCGGTAA	GGACTACNVGGGTWTCTAAT
AS5	Arctowski	Arctowski soil	GTGYCAGCMGCCGCGGTAA	GGACTACNVGGGTWTCTAAT
AS6	Arctowski	Arctowski soil	GTGYCAGCMGCCGCGGTAA	GGACTACNVGGGTWTCTAAT
AS7	Arctowski	Arctowski soil	GTGYCAGCMGCCGCGGTAA	GGACTACNVGGGTWTCTAAT
AS8	Arctowski	Arctowski soil	GTGYCAGCMGCCGCGGTAA	GGACTACNVGGGTWTCTAAT
AS9	Arctowski	Arctowski soil	GTGYCAGCMGCCGCGGTAA	GGACTACNVGGGTWTCTAAT
AS10	Arctowski	Arctowski soil	GTGYCAGCMGCCGCGGTAA	GGACTACNVGGGTWTCTAAT
AS11	Arctowski	Arctowski soil	GTGYCAGCMGCCGCGGTAA	GGACTACNVGGGTWTCTAAT
AS12	Arctowski	Arctowski soil	GTGYCAGCMGCCGCGGTAA	GGACTACNVGGGTWTCTAAT
EC1	Escudero	Escudero C. antarcticus	GTGYCAGCMGCCGCGGTAA	GGACTACNVGGGTWTCTAAT
EC2	Escudero	Escudero C. antarcticus	GTGYCAGCMGCCGCGGTAA	GGACTACNVGGGTWTCTAAT
EC3	Escudero	Escudero C. antarcticus	GTGYCAGCMGCCGCGGTAA	GGACTACNVGGGTWTCTAAT
EC4	Escudero	Escudero C. antarcticus	GTGYCAGCMGCCGCGGTAA	GGACTACNVGGGTWTCTAAT
EC5	Escudero	Escudero C. antarcticus	GTGYCAGCMGCCGCGGTAA	GGACTACNVGGGTWTCTAAT
EC6	Escudero	Escudero C. antarcticus	GTGYCAGCMGCCGCGGTAA	GGACTACNVGGGTWTCTAAT
EC7	Escudero	Escudero C. antarcticus	GTGYCAGCMGCCGCGGTAA	GGACTACNVGGGTWTCTAAT
EC8	Escudero	Escudero C. antarcticus	GTGYCAGCMGCCGCGGTAA	GGACTACNVGGGTWTCTAAT
EC9	Escudero	Escudero C. antarcticus	GTGYCAGCMGCCGCGGTAA	GGACTACNVGGGTWTCTAAT
EC10	Escudero	Escudero C. antarcticus	GTGYCAGCMGCCGCGGTAA	GGACTACNVGGGTWTCTAAT
EC11	Escudero	Escudero C. antarcticus	GTGYCAGCMGCCGCGGTAA	GGACTACNVGGGTWTCTAAT
ES1	Escudero	Escudero soil	GTGYCAGCMGCCGCGGTAA	GGACTACNVGGGTWTCTAAT
ES2	Escudero	Escudero soil	GTGYCAGCMGCCGCGGTAA	GGACTACNVGGGTWTCTAAT
ES3	Escudero	Escudero soil	GTGYCAGCMGCCGCGGTAA	GGACTACNVGGGTWTCTAAT
ES4	Escudero	Escudero soil	GTGYCAGCMGCCGCGGTAA	GGACTACNVGGGTWTCTAAT
ES5	Escudero	Escudero soil	GTGYCAGCMGCCGCGGTAA	GGACTACNVGGGTWTCTAAT
ES6	Escudero	Escudero soil	GTGYCAGCMGCCGCGGTAA	GGACTACNVGGGTWTCTAAT
ES7	Escudero	Escudero soil	GTGYCAGCMGCCGCGGTAA	GGACTACNVGGGTWTCTAAT
ES8	Escudero	Escudero soil	GTGYCAGCMGCCGCGGTAA	GGACTACNVGGGTWTCTAAT
ES9	Escudero	Escudero soil	GTGYCAGCMGCCGCGGTAA	GGACTACNVGGGTWTCTAAT
ES10	Escudero	Escudero soil	GTGYCAGCMGCCGCGGTAA	GGACTACNVGGGTWTCTAAT
ES11	Escudero	Escudero soil	GTGYCAGCMGCCGCGGTAA	GGACTACNVGGGTWTCTAAT
